uri,prefLabel,altLabels
http://data.europa.eu/esco/occupation/2fb96c6c-8d0b-4ef0-b1ee-3e493305e4eb,cloud architect,aws cloud architect|cloud solutions consultant
http://data.europa.eu/esco/occupation/6ce5f7e3-a534-4aa2-ab23-255408ddb53a,IoT developer,IoT software developer
http://data.europa.eu/esco/occupation/cc325a8f-702e-4bf0-893f-5b5d456475ad,cloud identity manager,cloud identity access manager|cloud identity engineer|cloud identity risk manager
http://data.europa.eu/esco/occupation/781a6350-e686-45b9-b075-e4c8d5a05ff7,cloud software developer,cloud administrator|cloud and infrastructure specialist|cloud consultant|cloud deployment specialist|cloud infrastructure it specialist|cloud solutions specialist|cloud technical specialist|full stack cloud software engineer
http://data.europa.eu/esco/occupation/2079755f-d809-49e6-8037-4de6180e54c0,data engineer,data engineer expert|research data engineer
http://data.europa.eu/esco/occupation/591c5063-69ce-4551-ba60-e2304111130f,aviation data communications manager,aviation data communications consultant|aviation data communications contractor|aviation data communications officer|aviation data communications specialist|aviation sector data manager|data communications manager in aviation
http://data.europa.eu/esco/occupation/cc867bee-ab5c-427f-9244-f7a204d9574b,cloud DevOps engineer,cloud automation engineer|cloud devops|cloud devops solution specialist|cloud infrastructure devops engineer|devops|devops administrator|devops analyst|devops architect|devops consultant|devops consultant engineer|devops engineer|devops specialist|site reliability devops engineer
http://data.europa.eu/esco/occupation/dce6a68c-8a05-4c26-85d4-6fbc43e7d822,projectionist,booth operator|cinema projectionist|digital cinema projectionist|film projectionist|movie projector operator|projection operator|projection technician|projector booth operator|projector operator
http://data.europa.eu/esco/occupation/239707a0-4754-4f4b-80b6-6b1ef5657aed,sound mastering engineer,audio mastering engineer|audio mastering operator|digital mastering technician|mastering engineer|mastering technician|mixing & mastering sound engineer|mixing and mastering engineer
http://data.europa.eu/esco/occupation/3b1ea27c-781c-41eb-821f-214285260dd2,ICT change and configuration manager,application lifecycle manager|configuration manager|software change and configuration manager
http://data.europa.eu/esco/occupation/1c5a896a-e010-4217-a29a-c44db26e25da,embedded systems security engineer,IoT security engineer|cyber security engineer|cybersecurity engineer|embedded systems security expert|internet of thing security engineer
http://data.europa.eu/esco/occupation/349ee6f6-c295-4c38-9b98-48765b55280e,cloud engineer,cloud computing engineer|cloud developer|cloud infrastructure engineer|cloud network engineer|cloud security engineer|cloud software engineer|cloud solution engineer|cloud-native engineer|hybrid cloud engineer
http://data.europa.eu/esco/occupation/22987b58-dbfa-4ecd-ae3f-82dd209255f6,green ICT consultant,ICT environmental consultant|ICT sustainability systems consultant|IT environmental consultant|green ICT consultants|green IT consultant
http://data.europa.eu/esco/occupation/1c5a45b9-440e-4726-b565-16a952abd341,computer vision engineer,computer vision applied scientist|computer vision expert|computer vision project engineer|computer vision specialist|smart technics computer vision engineer
http://data.europa.eu/esco/occupation/092fdeeb-a76f-4ed2-b248-90fd6eaaffef,search engine optimisation expert,SEO expert|SEO experts|SEO specialist|growth hacker|inbound marketer|search engine marketing specialist|search engine optimisation consultant|search engine optimisation experts|search engine optimisation specialist|search engine optimiser|search engine optimization expert
http://data.europa.eu/esco/occupation/4d102082-8d43-4c59-81ab-08a7509f3c40,boom operator,TV boom operator|boom holder|film boom operator|production sound mixer assistant|shotgun microphone operator|shotgun operator|sound equipment technician
http://data.europa.eu/esco/occupation/1242d99a-47f1-4a62-b884-33746db8a6ca,ICT help desk manager,ICT help desk managers|ICT helpdesk manager|ICT helpdesk managers|ICT service desk manager|IT help desk manager|IT helpdesk manager|software support manager|technical support manager
http://data.europa.eu/esco/occupation/78faf623-2543-43a5-acb2-3c43a22d36e4,blockchain architect,DLT architect|DLT specialist|blockchain technology specialist|decentralized ledger technology specialist
http://data.europa.eu/esco/occupation/24135b84-cbdd-4d42-9ed2-02fd982d15b2,blockchain developer,DLT specialist|decentralized ledger technology specialist|DLT engineer|blockchain development engineer|blockchain engineer
http://data.europa.eu/esco/occupation/aaeec9a7-dc57-4485-890c-86b3eef735f9,ICT help desk agent,ICT help desk advisor|ICT helpdesk agent|ICT service desk agent|IT help desk advisor|IT help desk agent|IT support technician
http://data.europa.eu/esco/occupation/36095ccd-c62d-4f1f-8af7-1fd10618b044,sound editor,ADR editor|audio editor|automatic dialogue replacement editor|dialogue editor|dubbing manager|foley artist|foley editor|music editor|music supervisor|sound designer
http://data.europa.eu/esco/occupation/64c7d461-152c-477f-a8e2-c2c537e9d617,ICT network technician,IT network technician|assistant network administrator|network engineer|network maintenance professional|network technician|network technicians|networks technician|system engineer
http://data.europa.eu/esco/occupation/4b3201cb-ffc5-4f61-9fc3-5c0f0038fa5f,ICT business analysis manager,ICT business analysis managers|ICT commercial analysis manager|IT business analysis director|IT business analysis manager|IT commercial analysis manager|lead IT business analyst
http://data.europa.eu/esco/occupation/731f38f1-b08f-4dd5-a25e-f8627c038273,ICT integration tester,ICT compatibility tester|IT compatibility tester|compatibility tester|integration testers|module compatibility tester|module integration tester
http://data.europa.eu/esco/occupation/33e4f026-a823-4ffc-99e4-60d3fe597a1e,digital games tester,computer games tester|digital game tester|digital games testers|video games tester|virtual games tester
http://data.europa.eu/esco/occupation/47e4135b-95d1-4462-920c-afcbd7c4d9be,performance rental technician,equipment hire technician|equipment technician|lighting hire equipment technician|load cell hire technician|performance rental engineer|performance rental monitor|rental equipment performance engineer|rental equipment performance technician|sound equipment hire technician|special effects hire equipment technician|venue performance monitor|venue technician (rental equipment)|weight report technician
http://data.europa.eu/esco/occupation/0ab5c12c-c1c1-4772-8345-aa287d0e391d,ICT test analyst,IT test analyst|test designer
http://data.europa.eu/esco/occupation/b1c80369-067e-4041-84c8-dbe65640a5d8,ICT consultant,ICT ERP consultant|ICT advisor|IT advisor|IT compliance consultant|IT consultant
http://data.europa.eu/esco/occupation/cdd3d773-75a4-4f35-bd1d-1ac720afcf9d,IT auditor,ICT auditor|IT Quality Appraiser|information technology auditor
http://data.europa.eu/esco/occupation/fe0fa514-b48d-4a53-9757-a283c0baacf0,ICT business analyst,ICT business analysts|IT business analyst|business process specialist|requirement engineer
http://data.europa.eu/esco/occupation/7086d0ca-1e77-4690-89c9-7ed1a0478fa3,data quality specialist,data integrity officer|data integrity specialist|data quality expert|data quality officer|data quality specialists
http://data.europa.eu/esco/occupation/a28dff76-74df-46ee-929f-d1fffbb63cd7,ICT quality assurance manager,ICT principal testing manager|ICT quality assurance managers|ICT quality manager|ICT test manager|IT quality assurance manager|principal test manager
http://data.europa.eu/esco/occupation/a59feab2-9bc9-4b25-97cf-995998164502,video technician,AV technician|audio video specialist|audio visual specialist|audio visual technician|audio-video specialist|audio-video technician|audio-visual specialist|audio/visual technician|graphics/video technician|image technician|video conference technician|video/graphics technician|visuals technician
http://data.europa.eu/esco/occupation/a99b38bc-6e71-4bef-b127-0f2b5e357815,ICT resilience manager,IT resilience manager|disaster recovery manager|manager for IT resilience|manager for disaster recovery|manager for vulnerability|vulnerability manager
http://data.europa.eu/esco/occupation/52d5edc9-7902-4cd3-8b06-6bd77c98d440,ICT system tester,ICT systems test engineer|ICT systems tester|ICT systems testers|IT system tester|systems tester
http://data.europa.eu/esco/occupation/fe4a72af-6206-4d86-90c1-b5fb4b5ba2b2,broadcast technician,broadcast engineering technician|broadcast technicians|broadcast transmitter operator|broadcast transmitting equipment operator|broadcast transmitting technician|broadcasting engineer|broadcasting equipment operator|broadcasting technician|radio and TV technician
http://data.europa.eu/esco/occupation/76a1a76c-b014-4600-8901-56cb936de7ed,ICT auditor manager,ICT audit manager|ICT auditor managers|IT audit manager|information technology audit manager
http://data.europa.eu/esco/occupation/aa50ae49-1e40-4ba9-959f-22a11ff172b4,recording studio technician,audio editor|audio post-production technician|audio restorer|re-recording mixer|recording audio technician|recording engineer|recording sound engineer|recording sound technician|recording studio audio engineer|recording studio sound technician|recording technician|sound mixer|sounds technician|special effects sound technician|studio sound engineer|studio technician
http://data.europa.eu/esco/occupation/102e75c8-3b47-4964-9b47-30a980aed25c,ICT disaster recovery analyst,ICT resilience analysts|IT disaster recovery analyst|IT resilience analyst|business continuity analyst|business continuity strategist|disaster recovery officer
http://data.europa.eu/esco/occupation/6fed206a-ac4d-492b-a81a-5a3a0f2b67bc,camera operator,camera crane operator|camera equipment operator|cameraman|camerawoman|railcam operator|remote head operator|steadicam operator|towercam operator|video camera operator|videographer
http://data.europa.eu/esco/occupation/faed411a-f920-4100-86a8-b877928b429c,user experience analyst,usability analyst|user experience analysts|user experience officer
http://data.europa.eu/esco/occupation/7642cbcc-9839-47fb-b2cf-d4bb831d6c93,audio-visual technician,audio-video technician|audio & video operator|audio and video operator|audio technician|audio-video operator|audio-visual assistant|audio-visual engineer|audio-visual operator|audio-visuals technician|audiovisual assistant|video technician
http://data.europa.eu/esco/occupation/bd9d395a-d587-45c6-8d72-ceef226df9e1,ICT system integration consultant,application integration consultant|network integration consultant|system integration consultants|systems integration consultant|systems integration consultants
http://data.europa.eu/esco/occupation/5f50290d-f520-4a69-85c7-1390d2a4a8b6,ICT usability tester,usability developer|usability specialist|usability testers|user-friendliness tester
http://data.europa.eu/esco/occupation/4543bf7b-8ffb-4ade-88b9-58da34366f04,ICT capacity planner,ICT capability manager|ICT capacity planners|ICT performance manager|IT capability planner|IT capacity planner
http://data.europa.eu/esco/occupation/9729c0f3-c9bc-482e-ac59-a82ec3b67ba3,data centre operator,data center administrator|data center operator|data centre administrator|data centre employee|data centre operators
http://data.europa.eu/esco/occupation/50af07f0-7a75-424e-a66d-5a9deea10f4c,ICT accessibility tester,accessibility test specialist|accessibility testers|usability tester
http://data.europa.eu/esco/occupation/e0b544dd-b621-4126-a55e-054af25c6ea0,ICT network architect,network architects|network designer
http://data.europa.eu/esco/occupation/0464b062-cea6-4164-b10d-956c61956ae7,ICT security administrator,CISO|ICT security administrators|IT security administrator|information security administrator|network security administrator|system security administrator
http://data.europa.eu/esco/occupation/a74f6c51-37e5-423e-aa5b-044e98663027,web content manager,content curator|content specialist|digital content|web content administrators|web content curatorspecialist|web content specialist
http://data.europa.eu/esco/occupation/9e2e6e1e-363b-4e1b-a673-7bc0f7343300,ICT system administrator,ICT sysadmin|ICT sysadmins|IT system administrator|IT systems administrator|enterprise administrator|network administrator|server administrator|sysadmin|system and network administrator|system and networks administrator
http://data.europa.eu/esco/occupation/d3edb8f8-3a06-47a0-8fb9-9b212c006aa2,data analyst,battery data analyst|battery materials data analyst|battery module performance data analyst|business data analyst|data storage analyst|data warehouse analyst|data warehousing analyst|mine electrification data analyst
http://data.europa.eu/esco/occupation/061f56c6-36eb-4aa7-b5ef-98b7a569da1c,performance video operator,projection operator|live video operator|video and graphics operator|video and graphics technician|video operator|video projection operator|video projection technician|visual and graphic operator|visual projection operator|visuals operator
http://data.europa.eu/esco/occupation/6e92d4b5-3167-4166-802f-da7753951a31,ICT research consultant,ICT research advisor|ICT research consultants|ICT research specialist|IT research advisor|IT research consultant|IT research specialist
http://data.europa.eu/esco/occupation/76ef0a87-6afe-4560-b5d0-9a086abe45c5,ethical hacker,ICT security tester|cybersecurity specialist|cybersecurity tester|network security tester|offensive cybersecurity expert|penetration tester|pentester|red team expert|system security tester|vulnerability analyst
http://data.europa.eu/esco/occupation/0c448a27-10ec-43ba-b880-d9938bade424,digital forensics expert,ICT forensics expert|computer forensics consultant|computer forensics expert|computer forensics investigator|cyber forensics expert|cybersecurity analyst|cybersecurity and forensic specialist|digital forensic expert|digital forensics analyst|digital forensics experts|digital forensics specialist|information forensics expert
http://data.europa.eu/esco/occupation/0ce5a9f4-e00a-4bbe-b255-3c63407167a4,cyber incident responder,ICT security advisor|ICT security architect|ICT security consultant|ICT security engineer|IT security advisor|IT security consultant|IT security expert|SOC Analyst|consultant in ICT security activities|cyber crisis expert|cyber defender|cyber fighter|cyber incident handler|cybersecurity SIEM manager|incident response engineer|information communications technology security consultant|information technology security consultant|security architect|security operation analyst|security operations center analyst
http://data.europa.eu/esco/occupation/7754d570-9519-48c2-b1c9-8e165f8bca0f,cybersecurity risk manager,cybersecurity specialist|ICT security chief|ICT security manager|ICT technical security expert|IT security chief|IT security manager|cyber risk manager|cybersecurity impact analyst|cybersecurity risk assessor|cybersecurity risk assurance consultant|information security manager|information security risk analyst|security coordinator
http://data.europa.eu/esco/occupation/8c57af09-719c-42b3-be40-6ed4946236cc,database administrator,DBA|data administrator|data base administrator|data base administrators|data manager|database administrators|database configurator|database manager
http://data.europa.eu/esco/occupation/3d190639-90f8-4402-b1b3-a104a17e0d67,database integrator,data base integrator|data base integrators|data integrator|database development specialist|database integrators
http://data.europa.eu/esco/occupation/e3229e40-f571-4b26-baca-29edc8fe313e,computer scientist,ICT research scientist|ICT researcher|ICT science researcher|ICT scientist|IT research scientist|IT researcher|IT science researcher|IT scientist|computers scientist
http://data.europa.eu/esco/occupation/790c8dca-f624-4bdc-ac16-27bc13ead188,sound designer,audio designer|audio engineer & sound artist|audio engineer and sound artist|audio engineer and sound designer|composer & sound designer|composer and sound designer|music and sound artist|music composer & sound designer|music composer and sound designer|sound artist and audio engineer|sound designer & audio engineer|sound designer & composer|sound designer & engineer|sound designer & music composer|sound designer and audio engineer|sound designer and composer|sound designer and engineer|sound designer and music composer|sound engineer & designer|sound engineer and designer
http://data.europa.eu/esco/occupation/0da2ee5c-b480-498f-97a8-a292a0f4c54c,sound operator,sound mixer|audio board operator|audio operator|sound audio technician|sound board operator|sound board technician
http://data.europa.eu/esco/occupation/6e5ceba0-df96-465f-adb4-2e06ae715d43,numerical tool and process control programmer,numerical process control operator|numerical process control programmer|numerical process control set up operator|numerical process control supervisor|numerical process control tool setting operator|numerical tool and process control programer|numerical tool l programme setter|numerical tool machine operator|numerical tool machine set up operator|numerical tool maker|numerical tool programmer|numerical tool setter|numerical tool setting operator
http://data.europa.eu/esco/occupation/258e46f9-0075-4a2e-adae-1ff0477e0f30,data scientist,data expert|data research scientist|electromobility data scientist|research data scientist
http://data.europa.eu/esco/occupation/57af9090-55b4-4911-b2d0-86db01c00b02,embedded systems software developer,embedded software developerl embedded systems engineer|embedded software programmer|embedded system software developer|embedded system software programmer|embedded systems designer|embedded systems software developers
http://data.europa.eu/esco/occupation/d84bf1d7-ef99-40c4-a407-3791d6531b44,telecommunications engineering technician,communication administrator|communications administrator|telecom administrator|telecommunication administrator|telecommunications administrator|telecommunications administrators|telecoms administrator
http://data.europa.eu/esco/occupation/10469d70-78a3-4650-9e29-d04de13c62c1,embedded system designer,battery controls engineer|embedded software developer|embedded system developer|embedded system programmer|embedded systems designers|embedded systems developer|embedded systems engineer|embedded systems programmer
http://data.europa.eu/esco/occupation/456ed487-02f2-45c9-9213-d0fd8e9a069d,ICT application configurator,app configurator|application configurators|application software configurator|software application configurator
http://data.europa.eu/esco/occupation/276ba420-ef09-4a0e-b215-2c2e2f80ad28,chief ICT security officer,CISO|information security administrator|information security manager|ICT security officer|ISO|IT security officer|chief ICT security officers|chief information security officer|cybersecurity programme director|head IT security officer|head of IT security|head of information security|information security officer
http://data.europa.eu/esco/occupation/3e7bf729-4442-4b9f-ad5e-83111963795c,ICT technician,ICT engineer|IT assistant|IT engineer|IT officer|IT technician|computer operator|information systems technician
http://data.europa.eu/esco/occupation/9ebaf3f0-0be0-47b7-b2b1-b3b04130fa81,digital games developer,computer games developer|digital game developer|digital games developers|games programmer|video games developer|virtual games developer
http://data.europa.eu/esco/occupation/a44a1dc5-be08-4840-8bd5-770c4ac1ca6d,ICT security technician,ICT security officer|IT security officer|DevSecOps engineer|ICT security technicians|IT security technician|cybersecurity developer|cybersecurity implementer|cybersecurity solutions expert|development and operations security engineer|information security implement
http://data.europa.eu/esco/occupation/812c217d-32b7-4f6a-9faf-993d3577ac7f,knowledge engineer,information engineer|knowledge engineers|knowledge officer|linked data engineer|taxonomist
http://data.europa.eu/esco/occupation/07e60525-1aad-4099-aaf3-2c7014c92212,integration engineer,ICT integration engineers|IT integration engineer|software integration engineer|system integration engineer
http://data.europa.eu/esco/occupation/106f79e4-6264-45f1-9e7a-297435cd684b,software tester,application software tester|application tester|module tester|soft tester|software application tester|software testers|software testing specialist|tester|unit tester
http://data.europa.eu/esco/occupation/35553663-deab-4d9a-bf22-15c1625d28e8,artificial intelligence engineer,linked data engineer|AI system designer|ICT intelligent systems designer|artificial intelligence designer|designer of intelligent systems|intelligent system designer|intelligent systems designers|intelligent systems developer|intelligent systems engineer|machine learning engineer|machine learning systems designer|semantic technologies engineer
http://data.europa.eu/esco/occupation/2ed56c3f-61d6-4f7e-9ef8-8849eb102e4c,mobile application developer,app coder|app developer|app programmer|cell phone app developer|mobile app developer|mobile app specialist
http://data.europa.eu/esco/occupation/d0aa0792-4345-474b-9365-686cf4869d2e,software architect,application architect|software architects|software designer
http://data.europa.eu/esco/occupation/e1c72b5f-4c5c-487c-a6df-e84b64a51dae,ICT system architect,ICT system architects|ICT systems architect|ICT systems architects|IT system architect|IT systems architect|information systems architect|solution architect|systems architect
http://data.europa.eu/esco/occupation/dc8ef7da-d2c0-4474-96a0-6d0385eeec1e,webmaster,e-commerce technician|web administrator|web technician|webmasters|website administrator
http://data.europa.eu/esco/occupation/bb6198c4-1d3e-40b9-9cc4-ad2dd9d7c74b,industrial mobile devices software developer,handheld programmer|handheld software developer|industrial mobile devices software coder|industrial mobile devices software programmer
http://data.europa.eu/esco/occupation/2bef94db-0088-4507-982a-2ca717529adb,enterprise architect,enterprise architects|enterprise architecture manager|enterprise designer|enterprise developer
http://data.europa.eu/esco/occupation/a7c1d23d-aeca-4bee-9a08-5993ed98b135,ICT system developer,ICT system developers|ICT systems developer|ICT systems developers|IT system developer|chief ICT system developer|component developer|system developer|system software developer|systems developer|systems programmer
http://data.europa.eu/esco/occupation/bd272aee-adc9-4a06-a15c-a73b4b4a46a7,ICT application developer,app software developer|application designer|application developer|application software developers|application software engineer|software programmer
http://data.europa.eu/esco/occupation/81480b40-a318-47f3-9b2c-56b69ed67d95,ICT network administrator,network administrators|network manager|network specialist|network support|networks administrator
http://data.europa.eu/esco/occupation/98c3d8f8-e3a8-49b7-9e58-236f25a6f6a0,system configurator,ICT system configurator|IT system configurator|system configuration professional|system configurators|system setup professional|systems configurator
http://data.europa.eu/esco/occupation/cf2b03cd-feb7-4f47-90f6-ff1ed6016d3d,ICT network engineer,network configurator|network developer|network engineers|networks designer|networks developer|networks engineer
http://data.europa.eu/esco/occupation/96e20037-0a25-4bf6-a25e-808d1605d890,user interface designer,UI designer|accessibility designer|user interface designers
http://data.europa.eu/esco/occupation/a6a0b60f-08da-4faa-bf54-942987efb471,ICT system analyst,ICT system analysts|ICT systems analyst|ICT systems analysts|IT system analyst|IT systems analyst|network analyst|system analyst|systems analyst
http://data.europa.eu/esco/occupation/866c7813-2c03-47d7-9bdc-192cfbace57c,user interface developer,UI developer|UI developers|UI programmer|front end developer|user interface developers|user interface engineer
http://data.europa.eu/esco/occupation/c40a2919-48a9-40ea-b506-1f34f693496d,web developer,web application developer|web developers|web engineer|web programmer|web specialist
http://data.europa.eu/esco/occupation/f2b15a0e-e65a-438a-affb-29b9d50b77d1,software developer,application developer|application programmer|application software developer|applications engineer|battery software developer|developer of software|electric vehicle software development engineer|programmer|soft developer|software developers|software engineer|software specialist|solutions developer
http://data.europa.eu/esco/occupation/04ba4d6c-957d-417f-bf63-5b9e015a9f86,software analyst,analyst of software|application analyst|programmer analyst|programming analyst|software analysts|software requirement analyst|software requirements analyst
http://data.europa.eu/esco/occupation/8d9ec84d-cf2d-4179-87bc-335cda54a427,database designer,data architect|data base designer|data base designers|data model designer|database architect|database design engineer|database designers|secure could-edge computing system architect
http://data.europa.eu/esco/occupation/1562c7a3-c7d9-419d-b9b6-db26610bcf84,data warehouse designer,data warehouse architect|data warehouse developer
http://data.europa.eu/esco/occupation/b11e1742-5e28-4270-b081-b0193d85ee7d,database developer,data base developer|data base developers|database coder|database design specialist|database developers|database development engineer|database programmer
